m-038-01.jpg, M2-038-01-sz1.jpg
f-037-01.jpg, F2-037-01-sz1.jpg
m-034-01.jpg, M2-034-01-sz1.jpg
f-034-01.jpg, F2-034-01-sz1.jpg
m-023-01.jpg, M2-023-01-sz1.jpg
m-035-01.jpg, M2-035-01-sz1.jpg
f-026-01.jpg, F2-026-01-sz1.jpg
f-032-01.jpg, F2-032-01-sz1.jpg
f-006-01.jpg, F2-006-01-sz1.jpg
f-036-01.jpg, F2-036-01-sz1.jpg
f-027-01.jpg, F2-027-01-sz1.jpg
m-028-01.jpg, M2-028-01-sz1.jpg
f-020-01.jpg, F2-020-01-sz1.jpg
m-021-01.jpg, M2-021-01-sz1.jpg
m-027-01.jpg, M2-027-01-sz1.jpg
f-012-01.jpg, F2-012-01-sz1.jpg
f-016-01.jpg, F2-016-01-sz1.jpg
m-060-01.jpg, M2-060-01-sz1.jpg
f-038-01.jpg, F2-038-01-sz1.jpg
m-055-01.jpg, M2-055-01-sz1.jpg
f-031-01.jpg, F2-031-01-sz1.jpg
f-008-01.jpg, F2-008-01-sz1.jpg
m-061-01.jpg, M2-061-01-sz1.jpg
m-051-01.jpg, M2-051-01-sz1.jpg
f-035-01.jpg, F2-035-01-sz1.jpg
m-016-01.jpg, M2-016-01-sz1.jpg
f-030-01.jpg, F2-030-01-sz1.jpg
m-040-01.jpg, M2-040-01-sz1.jpg
m-036-01.jpg, M2-036-01-sz1.jpg
m-047-01.jpg, M2-047-01-sz1.jpg
f-005-01.jpg, F2-005-01-sz1.jpg
m-044-01.jpg, M2-044-01-sz1.jpg
m-048-01.jpg, M2-048-01-sz1.jpg
m-053-01.jpg, M2-053-01-sz1.jpg
m-045-01.jpg, M2-045-01-sz1.jpg
m-029-01.jpg, M2-029-01-sz1.jpg
m-017-01.jpg, M2-017-01-sz1.jpg
m-059-01.jpg, M2-059-01-sz1.jpg
f-013-01.jpg, F2-013-01-sz1.jpg
m-022-01.jpg, M2-022-01-sz1.jpg
m-052-01.jpg, M2-052-01-sz1.jpg
m-054-01.jpg, M2-054-01-sz1.jpg
m-042-01.jpg, M2-042-01-sz1.jpg
f-023-01.jpg, F2-023-01-sz1.jpg
m-009-01.jpg, M2-009-01-sz1.jpg
m-014-01.jpg, M2-014-01-sz1.jpg
f-029-01.jpg, F2-029-01-sz1.jpg
f-010-01.jpg, F2-010-01-sz1.jpg
m-026-01.jpg, M2-026-01-sz1.jpg
m-018-01.jpg, M2-018-01-sz1.jpg
f-009-01.jpg, F2-009-01-sz1.jpg
m-030-01.jpg, M2-030-01-sz1.jpg
m-012-01.jpg, M2-012-01-sz1.jpg
f-018-01.jpg, F2-018-01-sz1.jpg
m-015-01.jpg, M2-015-01-sz1.jpg
m-050-01.jpg, M2-050-01-sz1.jpg
f-017-01.jpg, F2-017-01-sz1.jpg
f-022-01.jpg, F2-022-01-sz1.jpg
m-010-01.jpg, M2-010-01-sz1.jpg
f-025-01.jpg, F2-025-01-sz1.jpg
f-014-01.jpg, F2-014-01-sz1.jpg
f-007-01.jpg, F2-007-01-sz1.jpg
f-024-01.jpg, F2-024-01-sz1.jpg
m-019-01.jpg, M2-019-01-sz1.jpg
m-032-01.jpg, M2-032-01-sz1.jpg
f-028-01.jpg, F2-028-01-sz1.jpg
f-015-01.jpg, F2-015-01-sz1.jpg
m-024-01.jpg, M2-024-01-sz1.jpg
f-033-01.jpg, F2-033-01-sz1.jpg
m-041-01.jpg, M2-041-01-sz1.jpg
m-049-01.jpg, M2-049-01-sz1.jpg
m-039-01.jpg, M2-039-01-sz1.jpg
m-057-01.jpg, M2-057-01-sz1.jpg
m-013-01.jpg, M2-013-01-sz1.jpg
m-058-01.jpg, M2-058-01-sz1.jpg
m-037-01.jpg, M2-037-01-sz1.jpg
m-062-01.jpg, M2-062-01-sz1.jpg
f-011-01.jpg, F2-011-01-sz1.jpg
m-033-01.jpg, M2-033-01-sz1.jpg
m-025-01.jpg, M2-025-01-sz1.jpg
m-046-01.jpg, M2-046-01-sz1.jpg
f-019-01.jpg, F2-019-01-sz1.jpg
m-008-01.jpg, M2-008-01-sz1.jpg
m-031-01.jpg, M2-031-01-sz1.jpg
m-056-01.jpg, M2-056-01-sz1.jpg
m-011-01.jpg, M2-011-01-sz1.jpg
f-021-01.jpg, F2-021-01-sz1.jpg
m-043-01.jpg, M2-043-01-sz1.jpg